Workbook

Sheet Summary
A1: ESA & ICCSD Enrollment — Decomposition Summary
A2: Question: of ICCSD-resident students using an ESA, how many would have attended ICCSD public schools absent ESA?
A3: Scope: Iowa City Community School District boundary (Iowa DE district 3141). 2022-23 = last pre-ESA year; ESA began 2023-24, universal by 2025-26.
A5: HEADLINE
A6: ICCSD-resident students using ESA (2025-26) | B6: ='Mix & Decomposition'!H10 -> 1440
A7: ICCSD-boundary private enrollment growth, 2022-23 → 2025-26 | B7: ='Mix & Decomposition'!C10-'Mix & Decomposition'!C7 -> 331
A8: ICCSD public certified change, same period | B8: ='Mix & Decomposition'!B10-'Mix & Decomposition'!B7 -> -70.2
A10: UPPER BOUND on ESA-induced public→private shift (excess private vs constant pre-ESA mix) | B10: ='Mix & Decomposition'!F10 -> 311.11274
A11: as % of ESA users | B11: ='Mix & Decomposition'!G10 -> 0.21605052
A12: after removing newly-accredited existing schools (students already non-public) | B12: ='Mix & Decomposition'!F10-'Mix & Decomposition'!F12 -> 175.11274
A13: that, as % of ESA users | B13: =('Mix & Decomposition'!F10-'Mix & Decomposition'!F12)/'Mix & Decomposition'!H10 -> 0.12160607
A15: → INFRAMARGINAL ESA users (already would be private; bucket A), at least | B15: ='Mix & Decomposition'!H10-'Mix & Decomposition'!F10 -> 1128.8873
A16: as % of ESA users (lower bound) | B16: =1-'Mix & Decomposition'!G10 -> 0.78394948
A18: Bottom line: ICCSD-boundary private seats grew by only a few hundred while 1,440 residents use ESA and public enrollment was ~flat — so the large majority of ESA users were already in private school. The realistic public→private transfer is on the order of ~120–190 students over three years (<1.5% of the district), and even that includes families who moved in or would have chosen private regardless. ICCSD's enrollment plateau is demographic (Johnson County births peaked 2016) and predates ESA — see Forecast Check.

Sheet Mix & Decomposition
A1: Resident enrollment mix & decomposition (ICCSD boundary, district 3141)
A3: School year | B3: Public certified | C3: Private (dist 3141) | D3: Public + private | E3: Private share | F3: Excess private vs pre-ESA mix | G3: as % of ESA | H3: ESA residents
A4: 2019-20 | B4: 14571.6 | C4: 911 | D4: =B4+C4 -> 15482.6 | E4: =C4/D4 -> 0.058840246 | F4: =C4-($E$7*D4) -> -269.62278
A5: 2020-21 | B5: 14283.8 | C5: 1153 | D5: =B5+C5 -> 15436.8 | E5: =C5/D5 -> 0.074691646 | F5: =C5-($E$7*D5) -> -24.130311
A6: 2021-22 | B6: 14395 | C6: 1187 | D6: =B6+C6 -> 15582 | E6: =C6/D6 -> 0.076177641 | F6: =C6-($E$7*D6) -> -1.2025103
A7: 2022-23 | B7: 14439.8 | C7: 1192 | D7: =B7+C7 -> 15631.8 | E7: =C7/D7 -> 0.076254814 | F7: =C7-($E$7*D7) -> 0
A8: 2023-24 | B8: 14378.7 | C8: 1302 | D8: =B8+C8 -> 15680.7 | E8: =C8/D8 -> 0.083032007 | F8: =C8-($E$7*D8) -> 106.27114 | G8: =F8/H8 -> 0.22562875 | H8: 471
A9: 2024-25 | B9: 14550.6 | C9: 1434 | D9: =B9+C9 -> 15984.6 | E9: =C9/D9 -> 0.089711347 | F9: =C9-($E$7*D9) -> 215.0973 | G9: =F9/H9 -> 0.278263 | H9: 773
A10: 2025-26 | B10: 14369.6 | C10: 1523 | D10: =B10+C10 -> 15892.6 | E10: =C10/D10 -> 0.095830764 | F10: =C10-($E$7*D10) -> 311.11274 | G10: =F10/H10 -> 0.21605052 | H10: 1440
A12: Newly-accredited / new schools entering certified list AFTER 2022-23 (students already non-public): Montessori 53 + Hillside 31 + Tamarack(microschool) 52 | F12: 136
A13: Established-school private growth 2022-23→2025-26 (Regina, Faith, Willowwind, Heritage); Regina alone +130 | F13: =(526+439+130+70+215)-(472+363+91+69+197) -> 188
A15: Notes: 2019-20 private excludes Heritage Christian (~150; not parsed that year) so treat 2020-21+ as the reliable pre-ESA baseline. 'Excess private' holds the 2022-23 private share constant against each year's resident pool; it is an UPPER bound on net movement into private because it still contains in-migration and would-have-gone-private families.

Sheet Forecast Check
A1: Is the public enrollment 'miss' demographic and pre-ESA? (Yes)
A2: Each forecast vintage's projection for 2024-25 vs actual. Bond-era forecasts (made 2015-2016, before ESA) over-projected by 1,100-1,800; forecasts made in 2023 are accurate. The shortfall is over-projection + demography, not ESA.
A4: Forecast vintage | B4: Made (date) | C4: Projected 2024-25 | D4: Actual 2024-25 | E4: Over/(under) actual
A5: DeJong-Richter (bond-era) | B5: Feb 2015 | C5: 16317 | D5: 14550.6 | E5: =C5-D5 -> 1766.4
A6: DeJong-Richter (bond-era) | B6: Nov 2016 | C6: 15671 | D6: 14550.6 | E6: =C6-D6 -> 1120.4
A7: Granville | B7: Jan 2023 | C7: 14917 | D7: 14550.6 | E7: =C7-D7 -> 366.4
A8: ISFIS/Piper Sandler | B8: Nov 2023 | C8: 14350 | D8: 14550.6 | E8: =C8-D8 -> -200.6
A10: ESA began 2023-24. Forecasts made BEFORE ESA over-projected; the forecast made just after ESA launched (Nov 2023) was within ~200. If ESA were draining the district, the post-ESA forecast would over-, not under-, shoot. Johnson County births peaked in 2016, feeding smaller K classes from ~2022 — the demographic engine of the plateau.

Sheet Sources & Method
A1: Sources & method
A3: IDENTIFICATION RULE (governs this analysis):
A4: Rising ESA counts and schools appearing in the data are NOT evidence of transfer. A transfer requires net new bodies in private seats beyond what demography predicts, while public underperforms. Only that overlap is candidate transfer — and it still overstates it. See IDENTIFICATION.md.
A6: DATA SOURCES:
A7: Public & private certified enrollment, ESA-by-resident-district: Iowa Dept of Education certified enrollment files (data/Public & Private Certified Enrollment).
A8: ICCSD-boundary private series: data/iccsd_boundary_private_enrollment_3141.csv (district 3141, built from certified nonpublic files).
A9: ESA statewide counts/awards/eligibility: Iowa DE press releases & ESA program page (data/Iowa_DE_Admin).
A10: Demographics (births, ACS school-age population): forecast workbook + data/Demographics (ACS B09001).
A11: Forecast vintages & actuals: ICCSD_Enrollment_Forecast_vs_Actual.xlsx (RSP→DeJong→Granville→Woolpert; bond Official Statements; Iowa DoE state projections).
A13: KEY METHOD CHOICES:
A14: Base year 2022-23 (last pre-ESA). Constant-share counterfactual: hold 2022-23 private share of resident pool, apply to each later year's pool; excess = candidate net shift into private (upper bound).
A15: Cross-check: public certified + private (dist 3141) ≈ ACS school-age 5-17 each year, confirming homeschool/other is small and the pool is well-measured.
... A19: ESA-by-school-of-attendance and open-enrollment-by-receiving-district remain ungathered (binary xlsx / no public dashboard).
